USE SPORT_SHOP;
GO

-- ============
-- === LOJA ===
-- ============

INSERT INTO SPORT_SHOP.Loja (nomeLoja, endereco, codigo_postal) VALUES ('SportShop Aveiro', 'Rua do Batalhão de Caçadores 10', 3810064);
INSERT INTO SPORT_SHOP.Loja (nomeLoja, endereco, codigo_postal) VALUES ('SportShop Viseu', 'Rua Dom José da Cruz Moreira Pinto 32', 3510078);
INSERT INTO SPORT_SHOP.Loja (nomeLoja, endereco, codigo_postal) VALUES ('SportShop Braga', 'Av. Dr. Franscisco Pires Gonçalves', 4715558);

-- ==================
-- === UTILIZADOR ===
-- ==================

INSERT INTO SPORT_SHOP.Utilizador(nome, num_ID) VALUES('Nash Daniels',25020110,'lorem@indolor.ca','izk02ixz6mz');
INSERT INTO SPORT_SHOP.Utilizador(nome, num_ID) VALUES('Daniel Carroll',28267019,'est.Nunc.laoreet@Loremipsumdolor.edu','nfg26zdh9gt');
INSERT INTO SPORT_SHOP.Utilizador(nome, num_ID) VALUES('Hedley Ayers',23575614,'tincidunt.pede@iaculisquispede.com','zcd42riw9pg');
INSERT INTO SPORT_SHOP.Utilizador(nome, num_ID) VALUES('Odette Hoffman',22192697,'dolor.sit.amet@maurisMorbinon.net','mts57qzw2qn');
INSERT INTO SPORT_SHOP.Utilizador(nome, num_ID) VALUES('Jarrod Vang',21132703,'laoreet.ipsum.Curabitur@dapibusquamquis.com','nup62iyc4mm');
INSERT INTO SPORT_SHOP.Utilizador(nome, num_ID) VALUES('Leroy Sloan',27628458,'ipsum@maurisIntegersem.com','lbk66jwc4vi');
INSERT INTO SPORT_SHOP.Utilizador(nome, num_ID) VALUES('Barbara Odom',29621891,'ante.iaculis@Duis.com','oky35olb0qh');
INSERT INTO SPORT_SHOP.Utilizador(nome, num_ID) VALUES('Wallace Maxwell',20153067,'urna.suscipit@risusatfringilla.com','vsr86mrf0vq');
INSERT INTO SPORT_SHOP.Utilizador(nome, num_ID) VALUES('Gwendolyn Waters',25589903,'Donec.feugiat.metus@disparturient.ca','ouf13uep4sn');
INSERT INTO SPORT_SHOP.Utilizador(nome, num_ID) VALUES('Simon Mason',23434241,'interdum@metusInlorem.org','bhp59don0ux');
INSERT INTO SPORT_SHOP.Utilizador(nome, num_ID) VALUES('Brady Guerra',27282991,'tristique@Quisquetinciduntpede.co.uk','syy18stb1dv');
INSERT INTO SPORT_SHOP.Utilizador(nome, num_ID) VALUES('Darryl Spence',21873692,'dolor@gravidamolestiearcu.co.uk','rqh68fhu2pg');
INSERT INTO SPORT_SHOP.Utilizador(nome, num_ID) VALUES('Abdul Goodwin',20408562,'felis@nuncacmattis.co.uk','cdr16anu7dj');
INSERT INTO SPORT_SHOP.Utilizador(nome, num_ID) VALUES('Kyra Oneal',22057685,'purus.gravida@Fuscefeugiat.ca','lqw15xmn6li');
INSERT INTO SPORT_SHOP.Utilizador(nome, num_ID) VALUES('Sopoline Cleveland',21816414,'et.ipsum@idante.com','cnl15zqq8qi');
INSERT INTO SPORT_SHOP.Utilizador(nome, num_ID) VALUES('Herrod Larsen',28943701,'elit@necligulaconsectetuer.com','tpz15uky5nd');
INSERT INTO SPORT_SHOP.Utilizador(nome, num_ID) VALUES('Linus Church',22729343,'fermentum.metus@dolorNullasemper.net','eyo46lbj8nh');
INSERT INTO SPORT_SHOP.Utilizador(nome, num_ID) VALUES('Hanae Solis',24658045,'Praesent@Morbinequetellus.net','ina82ytr0wc');
INSERT INTO SPORT_SHOP.Utilizador(nome, num_ID) VALUES('Reagan Kelley',27908950,'a.scelerisque@felisullamcorperviverra.co.uk','bhb72ndx5sq');
INSERT INTO SPORT_SHOP.Utilizador(nome, num_ID) VALUES('Alvin Carver',28709753,'augue.scelerisque.mollis@enimEtiam.ca','bup44zgo2cp');
INSERT INTO SPORT_SHOP.Utilizador(nome, num_ID) VALUES('Felix Dalton',22688848,'erat.volutpat@magnaPraesent.org','gtw32kzp6wo');
INSERT INTO SPORT_SHOP.Utilizador(nome, num_ID) VALUES('Chester Jenkins',23236798,'Cras@sed.org','atb98gkm5sm');
INSERT INTO SPORT_SHOP.Utilizador(nome, num_ID) VALUES('Merritt Herrera',28823417,'luctus.lobortis.Class@famesacturpis.net','fnf00qzj8mr');
INSERT INTO SPORT_SHOP.Utilizador(nome, num_ID) VALUES('Wade Long',28088462,'Aliquam@augueid.org','wlf28upl6ls');
INSERT INTO SPORT_SHOP.Utilizador(nome, num_ID) VALUES('Ishmael Estes',21441184,'Cras.convallis@rutrumnon.co.uk','vmh28lxy7tu');
INSERT INTO SPORT_SHOP.Utilizador(nome, num_ID) VALUES('Grant Moody',25408743,'neque.pellentesque.massa@Inornare.ca','ggw28efw2wt');
INSERT INTO SPORT_SHOP.Utilizador(nome, num_ID) VALUES('Henry Boyd',22684387,'dignissim.tempor@commodotinciduntnibh.org','ltq13nuk5sh');
INSERT INTO SPORT_SHOP.Utilizador(nome, num_ID) VALUES('Rafael Marquez',22738148,'laoreet.libero.et@vulputaterisusa.co.uk','doj76kxa2hs');
INSERT INTO SPORT_SHOP.Utilizador(nome, num_ID) VALUES('Hoyt Blake',26773534,'lectus.rutrum@Nunclaoreet.ca','app99rtj5xg');
INSERT INTO SPORT_SHOP.Utilizador(nome, num_ID) VALUES('Sloane Fry',27885091,'lacinia.mattis@eu.org','vby45hox4zc');
INSERT INTO SPORT_SHOP.Utilizador(nome, num_ID) VALUES('Hamish York',29687039,'mi@Integersemelit.co.uk','ssa51mxj4sa');
INSERT INTO SPORT_SHOP.Utilizador(nome, num_ID) VALUES('Kadeem Boyd',20182033,'Nam.tempor@Crasconvallis.ca','mfz98sdi1nn');
INSERT INTO SPORT_SHOP.Utilizador(nome, num_ID) VALUES('Jaime Frazier',21526702,'ac.urna@commodoipsumSuspendisse.net','isu12wqx5pg');
INSERT INTO SPORT_SHOP.Utilizador(nome, num_ID) VALUES('Zahir Acevedo',25332021,'Quisque.nonummy.ipsum@iaculis.com','ved21ohl5fq');
INSERT INTO SPORT_SHOP.Utilizador(nome, num_ID) VALUES('Gavin Nieves',22851793,'Morbi@lacusQuisquepurus.ca','fkp97nzp2ob');
INSERT INTO SPORT_SHOP.Utilizador(nome, num_ID) VALUES('Lacota Simon',25540620,'dictum.sapien@risus.net','rei11qnh7ws');
INSERT INTO SPORT_SHOP.Utilizador(nome, num_ID) VALUES('Emery Pacheco',23716243,'quam.Curabitur.vel@at.ca','sfd36fwz6mx');
INSERT INTO SPORT_SHOP.Utilizador(nome, num_ID) VALUES('Dale Cabrera',29398762,'Sed.nulla@augue.co.uk','zkw29xoa2af');
INSERT INTO SPORT_SHOP.Utilizador(nome, num_ID) VALUES('Isabelle Barnes',27607139,'nascetur.ridiculus.mus@Phasellusdolor.net','ufb22fjg2tl');
INSERT INTO SPORT_SHOP.Utilizador(nome, num_ID) VALUES('Jana Koch',23192474,'non.enim.commodo@dolor.ca','eyu83apv5gy');
INSERT INTO SPORT_SHOP.Utilizador(nome, num_ID) VALUES('Dakota Edwards',24518345,'Mauris.non.dui@quamCurabitur.com','qwx87ohp1ay');
INSERT INTO SPORT_SHOP.Utilizador(nome, num_ID) VALUES('Josephine Davidson',21904816,'accumsan.sed.facilisis@Proin.org','ili94zqu5zi');
INSERT INTO SPORT_SHOP.Utilizador(nome, num_ID) VALUES('Madeson Schwartz',29943194,'lacinia@convallisestvitae.net','xve07yxh9vn');
INSERT INTO SPORT_SHOP.Utilizador(nome, num_ID) VALUES('Callum Boyer',21220753,'imperdiet@etnetuset.ca','xwn27rfi5wb');
INSERT INTO SPORT_SHOP.Utilizador(nome, num_ID) VALUES('Arden Jimenez',29191568,'neque.Morbi@Lorem.co.uk','oon24weu1ez');
INSERT INTO SPORT_SHOP.Utilizador(nome, num_ID) VALUES('Ima Wyatt',26111508,'dignissim.lacus@hendrerit.org','srf30lon3es');
INSERT INTO SPORT_SHOP.Utilizador(nome, num_ID) VALUES('Maxwell Rios',22528859,'odio.Phasellus@id.com','czp68ytc0nk');
INSERT INTO SPORT_SHOP.Utilizador(nome, num_ID) VALUES('Shelley Diaz',21250588,'tristique@nonummy.net','twg81yrh1vf');
INSERT INTO SPORT_SHOP.Utilizador(nome, num_ID) VALUES('Adele Marks',20958965,'Sed@feugiatnec.com','hwo61hzi5yp');
INSERT INTO SPORT_SHOP.Utilizador(nome, num_ID) VALUES('Brianna Rice',25522866,'malesuada.ut@sapien.com','nke34sfq1qf');
INSERT INTO SPORT_SHOP.Utilizador(nome, num_ID) VALUES('Maxwell Golden',26301643,'ut@sagittisaugue.com','tjq05enm0by');
INSERT INTO SPORT_SHOP.Utilizador(nome, num_ID) VALUES('Phoebe Rasmussen',23476345,'ligula.Aenean.euismod@natoquepenatibus.edu','edp17omb5bm');
INSERT INTO SPORT_SHOP.Utilizador(nome, num_ID) VALUES('Zephania Petersen',28580163,'quis.urna@egetvenenatisa.org','mlv26clk1gw');
INSERT INTO SPORT_SHOP.Utilizador(nome, num_ID) VALUES('Libby Hubbard',29543593,'eros.Proin.ultrices@mipede.edu','ifv59lbq7kq');
INSERT INTO SPORT_SHOP.Utilizador(nome, num_ID) VALUES('Hasad Diaz',24350913,'orci.luctus.et@nislQuisquefringilla.co.uk','hle34dhh6no');
INSERT INTO SPORT_SHOP.Utilizador(nome, num_ID) VALUES('Kibo Santana',23756963,'sit.amet@inhendreritconsectetuer.ca','hje70rus7lf');
INSERT INTO SPORT_SHOP.Utilizador(nome, num_ID) VALUES('Jordan Bowen',24638115,'consectetuer@Vivamus.co.uk','qit22lta4kl');
INSERT INTO SPORT_SHOP.Utilizador(nome, num_ID) VALUES('Beatrice Flynn',27261371,'Suspendisse.ac@Donec.org','gtv30uzj6zh');
INSERT INTO SPORT_SHOP.Utilizador(nome, num_ID) VALUES('Catherine Baxter',24913926,'in@vitaediam.co.uk','myk52zwp3ri');
INSERT INTO SPORT_SHOP.Utilizador(nome, num_ID) VALUES('Venus Durham',28790391,'Fusce@accumsannequeet.net','rel64fkk4xl');
INSERT INTO SPORT_SHOP.Utilizador(nome, num_ID) VALUES('Michael Robbins',26530623,'a@parturientmontesnascetur.net','bpn22omu7bl');
INSERT INTO SPORT_SHOP.Utilizador(nome, num_ID) VALUES('Ishmael Pierce',20555061,'rutrum@scelerisquenequesed.ca','asa96qds1ey');
INSERT INTO SPORT_SHOP.Utilizador(nome, num_ID) VALUES('Roth French',23694989,'lobortis.augue@Nullamutnisi.ca','ekr29isn9fq');
INSERT INTO SPORT_SHOP.Utilizador(nome, num_ID) VALUES('Evelyn Booth',25109532,'Donec.luctus@enimEtiam.net','anv09emq6cf');
INSERT INTO SPORT_SHOP.Utilizador(nome, num_ID) VALUES('Abbot Thompson',23735533,'arcu@velnisl.net','une19fps3qh');
INSERT INTO SPORT_SHOP.Utilizador(nome, num_ID) VALUES('Amal Gould',20258900,'Morbi.accumsan@arcuiaculis.net','igb26fks9hm');
INSERT INTO SPORT_SHOP.Utilizador(nome, num_ID) VALUES('Rhonda Ramirez',25958393,'eget.volutpat.ornare@eget.net','bvz65tru4ia');
INSERT INTO SPORT_SHOP.Utilizador(nome, num_ID) VALUES('Petra Dunlap',25998937,'dignissim@Aeneansedpede.net','fgb39nzt7xc');
INSERT INTO SPORT_SHOP.Utilizador(nome, num_ID) VALUES('Shana Burnett',26231649,'metus.sit@ategestasa.com','muh03vhy4sg');
INSERT INTO SPORT_SHOP.Utilizador(nome, num_ID) VALUES('Abraham Joseph',22318880,'egestas.hendrerit@nasceturridiculusmus.co.uk','elo42gtq1ey');
INSERT INTO SPORT_SHOP.Utilizador(nome,num_ID,mail,[password]) VALUES('Orlando Faulkner',29973817,'id.mollis.nec@eget.net','oql75adw4pj');
INSERT INTO SPORT_SHOP.Utilizador(nome,num_ID,mail,[password]) VALUES('Jakeem Guzman',22112811,'a.mi.fringilla@accumsan.edu','wjf62yvs1ik');
INSERT INTO SPORT_SHOP.Utilizador(nome,num_ID,mail,[password]) VALUES('Thomas Holcomb',28605061,'Duis.cursus@Maurisvel.edu','wrl76vos7lf');
INSERT INTO SPORT_SHOP.Utilizador(nome,num_ID,mail,[password]) VALUES('Prescott Cook',20857733,'Donec@Proinsed.co.uk','dib88wpj4fi');
INSERT INTO SPORT_SHOP.Utilizador(nome,num_ID,mail,[password]) VALUES('Axel Bates',20164302,'eget@facilisis.co.uk','cvh76emh4vn');
INSERT INTO SPORT_SHOP.Utilizador(nome,num_ID,mail,[password]) VALUES('Lee Lester',25888453,'mauris@dolordolortempus.edu','rec72qlo8fl');
INSERT INTO SPORT_SHOP.Utilizador(nome,num_ID,mail,[password]) VALUES('Fritz Fitzgerald',22523381,'risus.In@pellentesqueSeddictum.co.uk','xym35tzd1wq');
INSERT INTO SPORT_SHOP.Utilizador(nome,num_ID,mail,[password]) VALUES('Uta Cross',26172426,'neque@nisiAenean.org','leb08qpm6au');
INSERT INTO SPORT_SHOP.Utilizador(nome,num_ID,mail,[password]) VALUES('Keane Ochoa',28563021,'vulputate.nisi.sem@fames.com','czn57cvi4yf');
INSERT INTO SPORT_SHOP.Utilizador(nome,num_ID,mail,[password]) VALUES('Barry Stephens',20056959,'aliquam@scelerisqueloremipsum.net','gvn63sko3ia');
INSERT INTO SPORT_SHOP.Utilizador(nome,num_ID,mail,[password]) VALUES('Mona Solomon',23627438,'penatibus.et@sed.net','beu44xyf4yi');
INSERT INTO SPORT_SHOP.Utilizador(nome,num_ID,mail,[password]) VALUES('Wing Wilder',21215740,'ornare.libero@egestasSed.ca','vye69jqe0ou');
INSERT INTO SPORT_SHOP.Utilizador(nome,num_ID,mail,[password]) VALUES('Cheyenne Stanton',29742742,'et@etnunc.net','ebd57txn9nq');
INSERT INTO SPORT_SHOP.Utilizador(nome,num_ID,mail,[password]) VALUES('Ralph Pierce',26034629,'ligula.consectetuer.rhoncus@massanonante.net','pst96rpd1tq');
INSERT INTO SPORT_SHOP.Utilizador(nome,num_ID,mail,[password]) VALUES('Igor Noel',24266033,'euismod.enim.Etiam@dictum.org','vhp54tck7sd');
INSERT INTO SPORT_SHOP.Utilizador(nome,num_ID,mail,[password]) VALUES('Wylie Weber',27262579,'convallis.ligula@Duiselementum.com','kzw83spv0up');
INSERT INTO SPORT_SHOP.Utilizador(nome,num_ID,mail,[password]) VALUES('Kirk Pierce',24977670,'augue.porttitor.interdum@posuerecubilia.edu','woi52gxj8sa');
INSERT INTO SPORT_SHOP.Utilizador(nome,num_ID,mail,[password]) VALUES('Nayda Fleming',21621437,'Aliquam.nisl.Nulla@nibhDonecest.edu','mcg59xpw8kc');
INSERT INTO SPORT_SHOP.Utilizador(nome,num_ID,mail,[password]) VALUES('Arden Gilliam',29728979,'Mauris.molestie@risus.ca','npj93wgj5jg');
INSERT INTO SPORT_SHOP.Utilizador(nome,num_ID,mail,[password]) VALUES('Chandler Washington',23441088,'non.lorem@Suspendissenon.edu','oey71wct5qd');
INSERT INTO SPORT_SHOP.Utilizador(nome,num_ID,mail,[password]) VALUES('Jonas Cohen',24856088,'purus.Maecenas@tempor.ca','klu35oml7xz');
INSERT INTO SPORT_SHOP.Utilizador(nome,num_ID,mail,[password]) VALUES('Bevis Berger',24507975,'sem@Aliquam.co.uk','ldm22yhy2lv');
INSERT INTO SPORT_SHOP.Utilizador(nome,num_ID,mail,[password]) VALUES('Marshall Cortez',22931206,'Phasellus@cursusnonegestas.ca','iig61mst1ce');
INSERT INTO SPORT_SHOP.Utilizador(nome,num_ID,mail,[password]) VALUES('Plato Velez',23870908,'tempor.arcu.Vestibulum@Quisquevarius.co.uk','lzp89gbr0bz');
INSERT INTO SPORT_SHOP.Utilizador(nome,num_ID,mail,[password]) VALUES('Linda Fulton',24172510,'Vivamus.sit@odioapurus.com','vcz93jnu6ms');
INSERT INTO SPORT_SHOP.Utilizador(nome,num_ID,mail,[password]) VALUES('Karyn Bennett',25192415,'non.quam.Pellentesque@anteiaculis.net','gjw41nja7vw');
INSERT INTO SPORT_SHOP.Utilizador(nome,num_ID,mail,[password]) VALUES('Rogan Baird',28758943,'eros@Nullasempertellus.ca','nyx75kvq5yz');
INSERT INTO SPORT_SHOP.Utilizador(nome,num_ID,mail,[password]) VALUES('Leila English',20597737,'augue.Sed.molestie@semperegestasurna.org','glj59bns0ov');
INSERT INTO SPORT_SHOP.Utilizador(nome,num_ID,mail,[password]) VALUES('Edan Mason',24040388,'ipsum@libero.org','fru64wqt0gm');
INSERT INTO SPORT_SHOP.Utilizador(nome,num_ID,mail,[password]) VALUES('Gregory Nunez',27663068,'eu@commodoauctor.co.uk','vmt27imt0ku');

-- ===============
-- === CLIENTE ===
-- ===============

INSERT INTO SPORT_SHOP.Cliente(num_ID,mail) VALUES('Nash Daniels',25020110,'lorem@indolor.ca','izk02ixz6mz');
INSERT INTO SPORT_SHOP.Cliente(num_ID,mail) VALUES('Daniel Carroll',28267019,'est.Nunc.laoreet@Loremipsumdolor.edu','nfg26zdh9gt');
INSERT INTO SPORT_SHOP.Cliente(num_ID,mail) VALUES('Hedley Ayers',23575614,'tincidunt.pede@iaculisquispede.com','zcd42riw9pg');
INSERT INTO SPORT_SHOP.Cliente(num_ID,mail) VALUES('Odette Hoffman',22192697,'dolor.sit.amet@maurisMorbinon.net','mts57qzw2qn');
INSERT INTO SPORT_SHOP.Cliente(num_ID,mail) VALUES('Jarrod Vang',21132703,'laoreet.ipsum.Curabitur@dapibusquamquis.com','nup62iyc4mm');
INSERT INTO SPORT_SHOP.Cliente(num_ID,mail) VALUES('Leroy Sloan',27628458,'ipsum@maurisIntegersem.com','lbk66jwc4vi');
INSERT INTO SPORT_SHOP.Cliente(num_ID,mail) VALUES('Barbara Odom',29621891,'ante.iaculis@Duis.com','oky35olb0qh');
INSERT INTO SPORT_SHOP.Cliente(num_ID,mail) VALUES('Wallace Maxwell',20153067,'urna.suscipit@risusatfringilla.com','vsr86mrf0vq');
INSERT INTO SPORT_SHOP.Cliente(num_ID,mail) VALUES('Gwendolyn Waters',25589903,'Donec.feugiat.metus@disparturient.ca','ouf13uep4sn');
INSERT INTO SPORT_SHOP.Cliente(num_ID,mail) VALUES('Simon Mason',23434241,'interdum@metusInlorem.org','bhp59don0ux');
INSERT INTO SPORT_SHOP.Cliente(num_ID,mail) VALUES('Brady Guerra',27282991,'tristique@Quisquetinciduntpede.co.uk','syy18stb1dv');
INSERT INTO SPORT_SHOP.Cliente(num_ID,mail) VALUES('Darryl Spence',21873692,'dolor@gravidamolestiearcu.co.uk','rqh68fhu2pg');
INSERT INTO SPORT_SHOP.Cliente(num_ID,mail) VALUES('Abdul Goodwin',20408562,'felis@nuncacmattis.co.uk','cdr16anu7dj');
INSERT INTO SPORT_SHOP.Cliente(num_ID,mail) VALUES('Kyra Oneal',22057685,'purus.gravida@Fuscefeugiat.ca','lqw15xmn6li');
INSERT INTO SPORT_SHOP.Cliente(num_ID,mail) VALUES('Sopoline Cleveland',21816414,'et.ipsum@idante.com','cnl15zqq8qi');
INSERT INTO SPORT_SHOP.Cliente(num_ID,mail) VALUES('Herrod Larsen',28943701,'elit@necligulaconsectetuer.com','tpz15uky5nd');
INSERT INTO SPORT_SHOP.Cliente(num_ID,mail) VALUES('Linus Church',22729343,'fermentum.metus@dolorNullasemper.net','eyo46lbj8nh');
INSERT INTO SPORT_SHOP.Cliente(num_ID,mail) VALUES('Hanae Solis',24658045,'Praesent@Morbinequetellus.net','ina82ytr0wc');
INSERT INTO SPORT_SHOP.Cliente(num_ID,mail) VALUES('Reagan Kelley',27908950,'a.scelerisque@felisullamcorperviverra.co.uk','bhb72ndx5sq');
INSERT INTO SPORT_SHOP.Cliente(num_ID,mail) VALUES('Alvin Carver',28709753,'augue.scelerisque.mollis@enimEtiam.ca','bup44zgo2cp');
INSERT INTO SPORT_SHOP.Cliente(num_ID,mail) VALUES('Felix Dalton',22688848,'erat.volutpat@magnaPraesent.org','gtw32kzp6wo');
INSERT INTO SPORT_SHOP.Cliente(num_ID,mail) VALUES('Chester Jenkins',23236798,'Cras@sed.org','atb98gkm5sm');
INSERT INTO SPORT_SHOP.Cliente(num_ID,mail) VALUES('Merritt Herrera',28823417,'luctus.lobortis.Class@famesacturpis.net','fnf00qzj8mr');
INSERT INTO SPORT_SHOP.Cliente(num_ID,mail) VALUES('Wade Long',28088462,'Aliquam@augueid.org','wlf28upl6ls');
INSERT INTO SPORT_SHOP.Cliente(num_ID,mail) VALUES('Ishmael Estes',21441184,'Cras.convallis@rutrumnon.co.uk','vmh28lxy7tu');
INSERT INTO SPORT_SHOP.Cliente(num_ID,mail) VALUES('Grant Moody',25408743,'neque.pellentesque.massa@Inornare.ca','ggw28efw2wt');
INSERT INTO SPORT_SHOP.Cliente(num_ID,mail) VALUES('Henry Boyd',22684387,'dignissim.tempor@commodotinciduntnibh.org','ltq13nuk5sh');
INSERT INTO SPORT_SHOP.Cliente(num_ID,mail) VALUES('Rafael Marquez',22738148,'laoreet.libero.et@vulputaterisusa.co.uk','doj76kxa2hs');
INSERT INTO SPORT_SHOP.Cliente(num_ID,mail) VALUES('Hoyt Blake',26773534,'lectus.rutrum@Nunclaoreet.ca','app99rtj5xg');
INSERT INTO SPORT_SHOP.Cliente(num_ID,mail) VALUES('Sloane Fry',27885091,'lacinia.mattis@eu.org','vby45hox4zc');
INSERT INTO SPORT_SHOP.Cliente(num_ID,mail) VALUES('Hamish York',29687039,'mi@Integersemelit.co.uk','ssa51mxj4sa');
INSERT INTO SPORT_SHOP.Cliente(num_ID,mail) VALUES('Kadeem Boyd',20182033,'Nam.tempor@Crasconvallis.ca','mfz98sdi1nn');
INSERT INTO SPORT_SHOP.Cliente(num_ID,mail) VALUES('Jaime Frazier',21526702,'ac.urna@commodoipsumSuspendisse.net','isu12wqx5pg');
INSERT INTO SPORT_SHOP.Cliente(num_ID,mail) VALUES('Zahir Acevedo',25332021,'Quisque.nonummy.ipsum@iaculis.com','ved21ohl5fq');
INSERT INTO SPORT_SHOP.Cliente(num_ID,mail) VALUES('Gavin Nieves',22851793,'Morbi@lacusQuisquepurus.ca','fkp97nzp2ob');
INSERT INTO SPORT_SHOP.Cliente(num_ID,mail) VALUES('Lacota Simon',25540620,'dictum.sapien@risus.net','rei11qnh7ws');
INSERT INTO SPORT_SHOP.Cliente(num_ID,mail) VALUES('Emery Pacheco',23716243,'quam.Curabitur.vel@at.ca','sfd36fwz6mx');
INSERT INTO SPORT_SHOP.Cliente(num_ID,mail) VALUES('Dale Cabrera',29398762,'Sed.nulla@augue.co.uk','zkw29xoa2af');
INSERT INTO SPORT_SHOP.Cliente(num_ID,mail) VALUES('Isabelle Barnes',27607139,'nascetur.ridiculus.mus@Phasellusdolor.net','ufb22fjg2tl');
INSERT INTO SPORT_SHOP.Cliente(num_ID,mail) VALUES('Jana Koch',23192474,'non.enim.commodo@dolor.ca','eyu83apv5gy');
INSERT INTO SPORT_SHOP.Cliente(num_ID,mail) VALUES('Dakota Edwards',24518345,'Mauris.non.dui@quamCurabitur.com','qwx87ohp1ay');
INSERT INTO SPORT_SHOP.Cliente(num_ID,mail) VALUES('Josephine Davidson',21904816,'accumsan.sed.facilisis@Proin.org','ili94zqu5zi');
INSERT INTO SPORT_SHOP.Cliente(num_ID,mail) VALUES('Madeson Schwartz',29943194,'lacinia@convallisestvitae.net','xve07yxh9vn');
INSERT INTO SPORT_SHOP.Cliente(num_ID,mail) VALUES('Callum Boyer',21220753,'imperdiet@etnetuset.ca','xwn27rfi5wb');
INSERT INTO SPORT_SHOP.Cliente(num_ID,mail) VALUES('Arden Jimenez',29191568,'neque.Morbi@Lorem.co.uk','oon24weu1ez');
INSERT INTO SPORT_SHOP.Cliente(num_ID,mail) VALUES('Ima Wyatt',26111508,'dignissim.lacus@hendrerit.org','srf30lon3es');
INSERT INTO SPORT_SHOP.Cliente(num_ID,mail) VALUES('Maxwell Rios',22528859,'odio.Phasellus@id.com','czp68ytc0nk');
INSERT INTO SPORT_SHOP.Cliente(num_ID,mail) VALUES('Shelley Diaz',21250588,'tristique@nonummy.net','twg81yrh1vf');
INSERT INTO SPORT_SHOP.Cliente(num_ID,mail) VALUES('Adele Marks',20958965,'Sed@feugiatnec.com','hwo61hzi5yp');
INSERT INTO SPORT_SHOP.Cliente(num_ID,mail) VALUES('Brianna Rice',25522866,'malesuada.ut@sapien.com','nke34sfq1qf');
INSERT INTO SPORT_SHOP.Cliente(num_ID,mail) VALUES('Maxwell Golden',26301643,'ut@sagittisaugue.com','tjq05enm0by');
INSERT INTO SPORT_SHOP.Cliente(num_ID,mail) VALUES('Phoebe Rasmussen',23476345,'ligula.Aenean.euismod@natoquepenatibus.edu','edp17omb5bm');
INSERT INTO SPORT_SHOP.Cliente(num_ID,mail) VALUES('Zephania Petersen',28580163,'quis.urna@egetvenenatisa.org','mlv26clk1gw');
INSERT INTO SPORT_SHOP.Cliente(num_ID,mail) VALUES('Libby Hubbard',29543593,'eros.Proin.ultrices@mipede.edu','ifv59lbq7kq');
INSERT INTO SPORT_SHOP.Cliente(num_ID,mail) VALUES('Hasad Diaz',24350913,'orci.luctus.et@nislQuisquefringilla.co.uk','hle34dhh6no');
INSERT INTO SPORT_SHOP.Cliente(num_ID,mail) VALUES('Kibo Santana',23756963,'sit.amet@inhendreritconsectetuer.ca','hje70rus7lf');
INSERT INTO SPORT_SHOP.Cliente(num_ID,mail) VALUES('Jordan Bowen',24638115,'consectetuer@Vivamus.co.uk','qit22lta4kl');
INSERT INTO SPORT_SHOP.Cliente(num_ID,mail) VALUES('Beatrice Flynn',27261371,'Suspendisse.ac@Donec.org','gtv30uzj6zh');
INSERT INTO SPORT_SHOP.Cliente(num_ID,mail) VALUES('Catherine Baxter',24913926,'in@vitaediam.co.uk','myk52zwp3ri');
INSERT INTO SPORT_SHOP.Cliente(num_ID,mail) VALUES('Venus Durham',28790391,'Fusce@accumsannequeet.net','rel64fkk4xl');
INSERT INTO SPORT_SHOP.Cliente(num_ID,mail) VALUES('Michael Robbins',26530623,'a@parturientmontesnascetur.net','bpn22omu7bl');
INSERT INTO SPORT_SHOP.Cliente(num_ID,mail) VALUES('Ishmael Pierce',20555061,'rutrum@scelerisquenequesed.ca','asa96qds1ey');
INSERT INTO SPORT_SHOP.Cliente(num_ID,mail) VALUES('Roth French',23694989,'lobortis.augue@Nullamutnisi.ca','ekr29isn9fq');
INSERT INTO SPORT_SHOP.Cliente(num_ID,mail) VALUES('Evelyn Booth',25109532,'Donec.luctus@enimEtiam.net','anv09emq6cf');
INSERT INTO SPORT_SHOP.Cliente(num_ID,mail) VALUES('Abbot Thompson',23735533,'arcu@velnisl.net','une19fps3qh');
INSERT INTO SPORT_SHOP.Cliente(num_ID,mail) VALUES('Amal Gould',20258900,'Morbi.accumsan@arcuiaculis.net','igb26fks9hm');
INSERT INTO SPORT_SHOP.Cliente(num_ID,mail) VALUES('Rhonda Ramirez',25958393,'eget.volutpat.ornare@eget.net','bvz65tru4ia');
INSERT INTO SPORT_SHOP.Cliente(num_ID,mail) VALUES('Petra Dunlap',25998937,'dignissim@Aeneansedpede.net','fgb39nzt7xc');
INSERT INTO SPORT_SHOP.Cliente(num_ID,mail) VALUES('Shana Burnett',26231649,'metus.sit@ategestasa.com','muh03vhy4sg');
INSERT INTO SPORT_SHOP.Cliente(num_ID,mail) VALUES('Abraham Joseph',22318880,'egestas.hendrerit@nasceturridiculusmus.co.uk','elo42gtq1ey');

-- ===================
-- === FUNCIONARIO ===
-- ===================